Gender,Age,Occupation,City_Category,Stay_In_Current_City_Years,Marital_Status,Product_Category_1
0.0,0.3333333333333333,0.15000000000000002,1.0,1.0,0.25,0.3420255720053836
1.0,0.5,0.35000000000000003,0.5,0.0,1.0,0.48115746971736206
0.0,0.0,0.0,0.0,0.0,0.0,0.8435397039030956
0.0,0.0,0.2,0.0,1.0,1.0,0.24133580080753703